,asin,title,brand,price,popularity
0,B00NPZI1ZS,Endless River,Pink Floyd,$12.93,2195
1,B001GH1ZQE,Back to Black,Amy Winehouse,$3.46,1095
2,B00A8U014C,X (Wembley Edition): CD/DVD - UK Release,Ed Sheeran,$25.99,1095
3,B009YZU3OU,We Are Love,Il Volo,$7.72,853
4,B00EOKQBHS,Katy Perry - Prism (CD+DVD) [Japan CD] TYCI-60004,Katy Perry,$23.51,845
5,B00LPHKKIO,V(ltd.),Maroon 5,$12.46,816
6,B00FZ11C0G,"Songs from the Silver Screen CD+DVD Edition by Evancho,Jackie (2012) Audio CD",Jackie Evancho,$22.99,690
7,B001GFKIBE,"<span class=""a-size-medium a-color-secondary a-text-normal""",The Beatles,$79.99,654
8,B0000CFWZA,Long Road,Nickelback,$1.78,564
9,B000006045,Mezzanine,Massive Attack,$11.49,419
